DROP TABLE activity_person
DROP TABLE activity_interest
DROP TABLE activity
DROP TABLE person_interest
DROP TABLE interest
DROP TABLE friends
DROP TABLE person
DROP TABLE post
DROP TABLE town
CREATE TABLE town(town_id INT NOT NULL, town_name VARCHAR(30) NOT NULL, PRIMARY KEY(town_id))
INSERT INTO town VALUES(1, 'Trondheim')
INSERT INTO town VALUES(2, 'Melhus')
INSERT INTO town VALUES(3, 'Klæbu')
INSERT INTO town VALUES(57, 'Bergen')
INSERT INTO town VALUES(43, 'Oslo')
INSERT INTO town VALUES(80, 'Tromsø')
CREATE TABLE post (post_id INT NOT NULL, post_address VARCHAR(30) NOT NULL, town_id INT NOT NULL, PRIMARY KEY(post_id))
ALTER TABLE post ADD FOREIGN KEY(town_id) REFERENCES town(town_id)
INSERT INTO post VALUES(7227, 'Gimse', 2)
INSERT INTO post VALUES(7050, 'Trondheim', 1)
INSERT INTO post VALUES(7051, 'Trondheim', 1)
INSERT INTO post VALUES(7052, 'Trondheim', 1)
INSERT INTO post VALUES(7023, 'Trondheim', 1)
INSERT INTO post VALUES(7015, 'Trondheim', 1)
INSERT INTO post VALUES(7014, 'Trondheim', 1)
INSERT INTO post VALUES(7145, 'Klæbuveien', 3)
INSERT INTO post VALUES(7234, 'Ler', 2)
INSERT INTO post VALUES(5000, 'Fiskebrygga', 57)
INSERT INTO post VALUES(0000, 'Norgenullpunktet', 43)
INSERT INTO post VALUES(1000, 'Osloveien', 43)
INSERT INTO post VALUES(1001, 'OsloveienLight', 43)
CREATE TABLE person(person_id INT NOT NULL, first_name VARCHAR(50) NOT NULL, last_name VARCHAR(70) NOT NULL, age INT, address VARCHAR(50), post_id INT, PRIMARY KEY(person_id))
ALTER TABLE person ADD FOREIGN KEY(post_id) REFERENCES post(post_id)
INSERT INTO person VALUES(1, 'Torbjørn', 'Langland', 26, 'Moholt Allé 03-32 H0302', 7050)
INSERT INTO person VALUES(2, 'Tove', 'Johansen', 61, 'Moholt Allé 555-555-555', 7050)
INSERT INTO person VALUES(3, 'Bjørn', 'Johansen', 63, 'Birkenveien', 7015)
INSERT INTO person VALUES(4, 'Trine Katrine', 'Larsen', 72, 'Moholtveien 32', 7052)
INSERT INTO person VALUES(5, 'Ludvig', 'Hansen', 56, 'Lersveien', 7234)
INSERT INTO person VALUES(6, 'Stine Kristine', 'Stinesen', 69, 'Røsslyngveien 7', 7227)
INSERT INTO person VALUES(7, 'Hans Hansen', 'Hansensen', 77, 'Måssåveien 15', 7227)
INSERT INTO person VALUES(8, 'Anonym', 'Anonymious', NULL, NULL, NULL)
INSERT INTO person VALUES(9, 'Ingkongnito', 'Anonymious', NULL, NULL, 7050)
INSERT INTO person VALUES(10, 'U-Known', 'Anonymious', 38, NULL, NULL)
INSERT INTO person VALUES(11, 'Tove', 'Larsen', 65, 'Klæbuveien 5', 7145)
INSERT INTO person VALUES(12, 'Sigrid', 'Svansen', 66, 'Moholtveien 5', 7052)
INSERT INTO person VALUES(13, 'Lise', 'Karslen', 66, 'Moholtveien 6', 7052)
INSERT INTO person VALUES(14, 'Lars', 'Larsen', 66, 'Moholtveien 7', 7052)
INSERT INTO person VALUES(15, 'Jens', 'Stoltenjern', 66, 'Moholtveien 8', 7052)
INSERT INTO person VALUES(16, 'User', 'User', NULL, NULL, NULL)
CREATE TABLE friends(person_id INT NOT NULL, friend_id INT NOT NULL, PRIMARY KEY(person_id, friend_id))
ALTER TABLE friends ADD FOREIGN KEY(person_id) REFERENCES person(person_id)
ALTER TABLE friends ADD FOREIGN KEY(friend_id) REFERENCES person(person_id)
INSERT INTO friends VALUES(1,2)
INSERT INTO friends VALUES(1,3)
INSERT INTO friends VALUES(1,4)
INSERT INTO friends VALUES(1,5)
INSERT INTO friends VALUES(1,6)
INSERT INTO friends VALUES(1,7)
INSERT INTO friends VALUES(2,1)
INSERT INTO friends VALUES(2,3)
INSERT INTO friends VALUES(2,4)
INSERT INTO friends VALUES(3,1)
INSERT INTO friends VALUES(3,2)
INSERT INTO friends VALUES(3,4)
INSERT INTO friends VALUES(8,9)
INSERT INTO friends VALUES(8,10)
INSERT INTO friends VALUES(11, 1)
INSERT INTO friends VALUES(11,4)
CREATE TABLE interest(interest_id INT NOT NULL, interest_name VARCHAR(40) UNIQUE NOT NULL, interest_description VARCHAR(150), PRIMARY KEY(interest_id))
INSERT INTO interest VALUES(1, 'Teater og kultur', 'Forestillinger på teater, besøk på museum, informasjon og ordninger til kulturarrangement.')
INSERT INTO interest VALUES(2, 'Tur ut i naturen', 'For deg som er glad i tur på fjell, skog og mark')
INSERT INTO interest VALUES(3, 'Ski og snø', 'For deg som liker å gå på ski')
INSERT INTO interest VALUES(4, 'NINTENDO', 'For den som liker å spille på Nintendo i fritiden')
INSERT INTO interest VALUES(5, 'Vaffelkos', 'For den som er glad i å samles for å lage vaffler')
INSERT INTO interest VALUES(6, 'Sang og musikk', 'Alt fra småsamlinger til arrangementer for de sangglade')
INSERT INTO interest VALUES(7, 'Politikk', 'For de samfunnsinteresserte som diskuterer hvor samfunnet går i dag')
INSERT INTO interest VALUES(8, 'Media og internett', 'For de som har interesse for medie og internett. Alt fra brukergrupper til kurs')
INSERT INTO interest VALUES(9, 'The secret interest with no description', NULL)
CREATE TABLE person_interest(person_id INT NOT NULL, interest_id INT NOT NULL, PRIMARY KEY(person_id, interest_id))
ALTER TABLE person_interest ADD FOREIGN KEY(interest_id) REFERENCES interest(interest_id)
ALTER TABLE person_interest ADD FOREIGN KEY(person_id) REFERENCES person(person_id)
INSERT INTO person_interest VALUES(1, 1)
INSERT INTO person_interest VALUES(1, 2) 
INSERT INTO person_interest VALUES(1, 3)
INSERT INTO person_interest VALUES(1, 4)
INSERT INTO person_interest VALUES(1, 5)
INSERT INTO person_interest VALUES(1, 6)
INSERT INTO person_interest VALUES(1, 7)
INSERT INTO person_interest VALUES(1, 8)
INSERT INTO person_interest VALUES(1, 9)
INSERT INTO person_interest VALUES(2, 5)
INSERT INTO person_interest VALUES(2, 6)
INSERT INTO person_interest VALUES(2, 1)
INSERT INTO person_interest VALUES(2, 2)
INSERT INTO person_interest VALUES(2, 3)
INSERT INTO person_interest VALUES(3, 1)
INSERT INTO person_interest VALUES(3, 2)
INSERT INTO person_interest VALUES(3, 3)
INSERT INTO person_interest VALUES(3, 5)
INSERT INTO person_interest VALUES(3, 6)
INSERT INTO person_interest VALUES(3, 7)
INSERT INTO person_interest VALUES(8, 4)
INSERT INTO person_interest VALUES(10, 4)
INSERT INTO person_interest VALUES(10, 8)
INSERT INTO person_interest VALUES(10, 9)
INSERT INTO person_interest VALUES(5, 1)
INSERT INTO person_interest VALUES(5, 2)
INSERT INTO person_interest VALUES(5, 3)
INSERT INTO person_interest VALUES(5, 5)
INSERT INTO person_interest VALUES(5, 6)
INSERT INTO person_interest VALUES(7, 7)
INSERT INTO person_interest VALUES(7, 8)
INSERT INTO person_interest VALUES(11, 5)
INSERT INTO person_interest VALUES(11, 6)
INSERT INTO person_interest VALUES(12, 1)
INSERT INTO person_interest VALUES(12, 2)
INSERT INTO person_interest VALUES(12, 3)
INSERT INTO person_interest VALUES(12, 5)
INSERT INTO person_interest VALUES(12, 6)
INSERT INTO person_interest VALUES(12, 7)
INSERT INTO person_interest VALUES(13, 1)
INSERT INTO person_interest VALUES(13, 2)
INSERT INTO person_interest VALUES(13, 3)
INSERT INTO person_interest VALUES(13, 4)
INSERT INTO person_interest VALUES(13, 5)
INSERT INTO person_interest VALUES(13, 6)
INSERT INTO person_interest VALUES(13, 7)
INSERT INTO person_interest VALUES(14, 1)
INSERT INTO person_interest VALUES(14, 2)
INSERT INTO person_interest VALUES(14, 3)
INSERT INTO person_interest VALUES(14, 5)
INSERT INTO person_interest VALUES(14, 6)
INSERT INTO person_interest VALUES(15, 1)
INSERT INTO person_interest VALUES(15, 5)
INSERT INTO person_interest VALUES(15, 6)
INSERT INTO person_interest VALUES(15, 7)